,1.0,1.5,2.0,2.5,3.0,3.5,4.0,4.5,5.0,5.5,6.0,6.5,7.0,7.5,8.0,8.5,9.0,9.5,10.0
1/2/2019,1.3003,1.2494,1.1986,1.2191,1.2037,1.2505,1.2557,1.261,1.2663,1.3382,1.3571,1.3761,1.3953,1.4085,1.4263,1.4459,1.4649,1.4831,1.5034
1/3/2019,1.2501,1.1944,1.1385,1.1539,1.1334,1.1904,1.1956,1.2009,1.2062,1.2779,1.2967,1.3157,1.3348,1.3733,1.3955,1.418,1.4407,1.4636,1.4867
1/4/2019,1.2852,1.2496,1.214,1.2192,1.2038,1.2505,1.2557,1.261,1.2663,1.3382,1.3571,1.3762,1.3953,1.4209,1.4421,1.462,1.4828,1.5049,1.5252
1/7/2019,1.2901,1.2647,1.2393,1.2444,1.2341,1.2705,1.2758,1.281,1.2863,1.3584,1.3773,1.3963,1.4155,1.4288,1.4466,1.4662,1.4852,1.5034,1.5238
1/8/2019,1.3002,1.2899,1.2797,1.2797,1.2746,1.2928,1.2954,1.298,1.3007,1.3567,1.3702,1.3838,1.3976,1.4438,1.4616,1.4813,1.5003,1.5185,1.539
1/9/2019,1.2952,1.2799,1.2646,1.2595,1.2492,1.2933,1.3012,1.3091,1.3171,1.3785,1.3974,1.4165,1.4357,1.449,1.4668,1.4865,1.5055,1.5238,1.5442
1/10/2019,1.2952,1.2799,1.2646,1.2595,1.2492,1.2855,1.2908,1.296,1.3014,1.3734,1.3924,1.4114,1.4307,1.4563,1.4776,1.4975,1.5184,1.5406,1.5609
1/11/2019,1.2903,1.2749,1.2596,1.234,1.2134,1.2627,1.2653,1.268,1.2706,1.3666,1.3882,1.41,1.432,1.4411,1.4624,1.4823,1.5032,1.5253,1.5456
1/14/2019,1.2851,1.2648,1.2444,1.2444,1.2342,1.2705,1.2758,1.281,1.2863,1.3584,1.3773,1.3963,1.4155,1.4411,1.4624,1.4823,1.5032,1.5253,1.5456
1/15/2019,1.2851,1.2648,1.2444,1.2444,1.2342,1.2705,1.2758,1.281,1.2863,1.3717,1.3933,1.4151,1.4371,1.4462,1.4675,1.4874,1.5083,1.5304,1.5508
1/16/2019,1.2853,1.275,1.2647,1.2545,1.2442,1.2727,1.2754,1.278,1.2807,1.3767,1.3983,1.4201,1.4422,1.4512,1.4726,1.4925,1.5134,1.5355,1.5559
1/17/2019,1.2852,1.28,1.2749,1.2697,1.2646,1.2984,1.3062,1.3141,1.3221,1.3969,1.4186,1.4404,1.4624,1.446,1.4628,1.4797,1.4968,1.5141,1.5315
1/18/2019,1.3003,1.3102,1.3204,1.2895,1.2792,1.3156,1.3208,1.3261,1.3314,1.417,1.4387,1.4605,1.4826,1.4662,1.483,1.4999,1.5171,1.5344,1.5519
1/22/2019,1.2952,1.29,1.2849,1.2592,1.2438,1.2905,1.2958,1.301,1.3064,1.3918,1.4135,1.4353,1.4573,1.4409,1.4577,1.4746,1.4917,1.509,1.5264
1/23/2019,1.2952,1.29,1.2849,1.2797,1.2746,1.3006,1.3058,1.3111,1.3164,1.3885,1.4075,1.4266,1.4458,1.4591,1.4769,1.4966,1.5157,1.5339,1.5544
1/24/2019,1.2903,1.28,1.2697,1.2595,1.2492,1.2778,1.2804,1.283,1.2857,1.3684,1.3873,1.4064,1.4256,1.4388,1.4567,1.4763,1.4954,1.5136,1.534
1/25/2019,1.3003,1.3001,1.3,1.2795,1.2692,1.2978,1.3004,1.303,1.3057,1.3885,1.4074,1.4265,1.4458,1.459,1.4769,1.4966,1.5156,1.5339,1.5543
1/28/2019,1.3003,1.3001,1.3,1.2795,1.2692,1.29,1.29,1.29,1.29,1.3834,1.4024,1.4215,1.4407,1.454,1.4718,1.4915,1.5106,1.5288,1.5492
1/29/2019,1.3003,1.2798,1.2594,1.2595,1.2492,1.2777,1.2804,1.283,1.2857,1.355,1.3712,1.3875,1.404,1.4461,1.4674,1.4873,1.5082,1.5303,1.5506
1/30/2019,1.2852,1.2598,1.2343,1.2292,1.2138,1.2449,1.2449,1.245,1.245,1.3648,1.3892,1.4137,1.4384,1.4442,1.4665,1.4891,1.512,1.535,1.5584
1/31/2019,1.2753,1.2245,1.1736,1.2044,1.1941,1.2149,1.2149,1.2149,1.215,1.3213,1.3429,1.3646,1.3866,1.4087,1.431,1.4535,1.4763,1.4993,1.5225
2/1/2019,1.2803,1.2598,1.2395,1.2395,1.2292,1.2577,1.2604,1.263,1.2656,1.3616,1.3832,1.405,1.427,1.4361,1.4574,1.4773,1.4981,1.5202,1.5406
2/4/2019,1.2853,1.2648,1.2444,1.2547,1.2496,1.2678,1.2704,1.273,1.2757,1.385,1.4094,1.4339,1.4587,1.4513,1.4726,1.4925,1.5134,1.5356,1.5559
2/5/2019,1.2802,1.2649,1.2496,1.2342,1.2188,1.2577,1.2603,1.263,1.2656,1.375,1.3993,1.4238,1.4486,1.4412,1.4625,1.4824,1.5033,1.5254,1.5457
2/6/2019,1.2802,1.2598,1.2394,1.2395,1.2292,1.2499,1.25,1.25,1.25,1.3699,1.3942,1.4188,1.4435,1.4361,1.4574,1.4773,1.4982,1.5203,1.5406
2/7/2019,1.2752,1.2396,1.204,1.2194,1.2092,1.2299,1.2299,1.23,1.23,1.3364,1.358,1.3798,1.4017,1.4108,1.432,1.4519,1.4727,1.4947,1.515
2/8/2019,1.2702,1.2245,1.1787,1.2044,1.1941,1.2227,1.2253,1.228,1.2306,1.3397,1.364,1.3885,1.4132,1.3935,1.4113,1.4308,1.4498,1.4679,1.4882
2/11/2019,1.2751,1.2396,1.204,1.2297,1.2245,1.2349,1.235,1.235,1.235,1.3548,1.3791,1.4036,1.4283,1.3955,1.4123,1.4291,1.4461,1.4633,1.4807
2/12/2019,1.2752,1.2497,1.2243,1.2294,1.2192,1.2477,1.2503,1.253,1.2556,1.3649,1.3892,1.4137,1.4385,1.4188,1.4366,1.4562,1.4752,1.4933,1.5137
2/13/2019,1.2751,1.2649,1.2547,1.2547,1.2496,1.2678,1.2704,1.273,1.2757,1.3717,1.3933,1.4151,1.4371,1.4339,1.4517,1.4713,1.4903,1.5085,1.5289
2/14/2019,1.265,1.2498,1.2346,1.2295,1.2192,1.2399,1.24,1.24,1.24,1.3465,1.3681,1.3899,1.4118,1.4086,1.4264,1.446,1.4649,1.4831,1.5034
2/15/2019,1.2752,1.2599,1.2446,1.2395,1.2292,1.2422,1.2396,1.2369,1.2343,1.3515,1.3731,1.3949,1.4168,1.4005,1.4172,1.4341,1.4511,1.4683,1.4857
2/19/2019,1.27,1.2498,1.2294,1.2192,1.2038,1.2349,1.2349,1.235,1.235,1.3415,1.363,1.3848,1.4068,1.4035,1.4213,1.4409,1.4599,1.478,1.4983
2/20/2019,1.2701,1.2498,1.2294,1.2192,1.2038,1.2349,1.2349,1.235,1.235,1.3415,1.363,1.3848,1.4068,1.4035,1.4213,1.4409,1.4599,1.478,1.4983
2/21/2019,1.2751,1.2649,1.2547,1.224,1.2034,1.2605,1.2657,1.271,1.2763,1.3616,1.3832,1.405,1.427,1.4238,1.4416,1.4612,1.4802,1.4984,1.5187
2/22/2019,1.2751,1.2396,1.204,1.2194,1.2092,1.2377,1.2403,1.243,1.2456,1.3415,1.3631,1.3848,1.4068,1.4035,1.4213,1.4409,1.4599,1.478,1.4984
2/25/2019,1.2801,1.2547,1.2293,1.2242,1.2088,1.2399,1.2399,1.24,1.24,1.3598,1.3841,1.4086,1.4334,1.4137,1.4315,1.4511,1.4701,1.4882,1.5086
2/26/2019,1.2751,1.2396,1.204,1.1989,1.1784,1.2277,1.2303,1.2329,1.2356,1.3447,1.369,1.3935,1.4182,1.3985,1.4163,1.4359,1.4549,1.473,1.4933
2/27/2019,1.27,1.2498,1.2294,1.2294,1.2192,1.2477,1.2503,1.253,1.2556,1.3782,1.4053,1.4326,1.4601,1.4239,1.4417,1.4613,1.4803,1.4985,1.5188
2/28/2019,1.2701,1.2599,1.2497,1.2395,1.2292,1.2655,1.2708,1.276,1.2813,1.4067,1.4365,1.4666,1.497,1.4441,1.462,1.4816,1.5007,1.5189,1.5393
3/1/2019,1.2751,1.275,1.275,1.2648,1.2596,1.2856,1.2908,1.2961,1.3014,1.4269,1.4568,1.4869,1.5173,1.4512,1.468,1.4849,1.502,1.5193,1.5368
3/4/2019,1.27,1.2751,1.2802,1.2442,1.2288,1.2677,1.2704,1.273,1.2757,1.3984,1.4255,1.4528,1.4803,1.4309,1.4477,1.4646,1.4817,1.4989,1.5163
3/5/2019,1.27,1.2751,1.2802,1.2442,1.2288,1.2677,1.2704,1.273,1.2757,1.3984,1.4255,1.4528,1.4803,1.4309,1.4477,1.4646,1.4817,1.4989,1.5163
3/6/2019,1.27,1.2599,1.2497,1.2292,1.2138,1.2449,1.2449,1.245,1.245,1.3782,1.4052,1.4325,1.4601,1.4238,1.4416,1.4613,1.4803,1.4984,1.5188
3/7/2019,1.26,1.2347,1.2093,1.2042,1.1888,1.2199,1.2199,1.2199,1.22,1.353,1.38,1.4073,1.4347,1.3986,1.4164,1.4359,1.4549,1.473,1.4933
3/8/2019,1.265,1.2245,1.1839,1.2044,1.1941,1.2071,1.2046,1.2019,1.1993,1.3296,1.3539,1.3783,1.403,1.3957,1.4169,1.4367,1.4575,1.4795,1.4998
3/11/2019,1.265,1.2346,1.2041,1.2144,1.2042,1.2171,1.2146,1.2119,1.2093,1.3397,1.3639,1.3884,1.4131,1.4058,1.427,1.4468,1.4676,1.4897,1.51
3/12/2019,1.26,1.2246,1.189,1.1839,1.1634,1.2049,1.2049,1.2049,1.2049,1.3246,1.3488,1.3733,1.398,1.3906,1.4118,1.4316,1.4524,1.4744,1.4947
3/13/2019,1.265,1.2245,1.1838,1.1839,1.1634,1.2126,1.2153,1.2179,1.2206,1.3296,1.3539,1.3784,1.4031,1.3834,1.4012,1.4207,1.4396,1.4577,1.478
3/14/2019,1.26,1.2296,1.1991,1.1889,1.1684,1.2177,1.2203,1.2229,1.2256,1.348,1.375,1.4022,1.4297,1.3935,1.4113,1.4309,1.4498,1.468,1.4883
3/15/2019,1.26,1.2144,1.1687,1.1739,1.1534,1.2026,1.2053,1.2079,1.2106,1.3196,1.3438,1.3683,1.393,1.3733,1.391,1.4106,1.4295,1.4476,1.4678
3/18/2019,1.26,1.2246,1.189,1.1839,1.1634,1.2127,1.2153,1.2179,1.2206,1.3296,1.3539,1.3784,1.4031,1.3703,1.387,1.4038,1.4208,1.438,1.4553
3/19/2019,1.2499,1.2297,1.2094,1.189,1.1684,1.2099,1.2099,1.2099,1.21,1.3296,1.3539,1.3784,1.4031,1.3834,1.4011,1.4207,1.4396,1.4577,1.478
3/20/2019,1.24,1.1995,1.1589,1.1385,1.1077,1.1698,1.1699,1.1699,1.1699,1.3026,1.3295,1.3567,1.3841,1.3481,1.3658,1.3853,1.4041,1.4222,1.4424
3/21/2019,1.245,1.2045,1.1639,1.1333,1.0973,1.1698,1.1699,1.1699,1.1699,1.3026,1.3295,1.3567,1.3841,1.3481,1.3658,1.3853,1.4041,1.4222,1.4424
3/22/2019,1.2249,1.1541,1.0831,1.0833,1.0474,1.1198,1.1198,1.1199,1.1199,1.2522,1.2791,1.3062,1.3335,1.2976,1.3152,1.3346,1.3534,1.3714,1.3915
3/25/2019,1.2098,1.129,1.0479,1.0583,1.0225,1.1103,1.1155,1.1208,1.1261,1.2504,1.28,1.3098,1.3398,1.2998,1.3209,1.3405,1.3611,1.3829,1.403
3/26/2019,1.2198,1.1188,1.0174,1.0585,1.0278,1.0898,1.0898,1.0899,1.0899,1.2352,1.2648,1.2945,1.3245,1.2976,1.3197,1.342,1.3645,1.3873,1.4102
3/27/2019,1.1998,1.1089,1.0177,1.0485,1.0178,1.0953,1.1005,1.1058,1.1111,1.2221,1.2489,1.2759,1.3032,1.2795,1.3006,1.3202,1.3408,1.3625,1.3825
3/28/2019,1.1999,1.114,1.0278,1.0637,1.0382,1.1053,1.1105,1.1158,1.1211,1.2189,1.2431,1.2674,1.2919,1.2723,1.29,1.3093,1.3281,1.346,1.366
3/29/2019,1.1999,1.1342,1.0683,1.0735,1.0428,1.1203,1.1256,1.1308,1.1361,1.2208,1.2422,1.2638,1.2856,1.2824,1.3,1.3194,1.3382,1.3561,1.3762
4/1/2019,1.2048,1.1645,1.1239,1.124,1.1035,1.1604,1.1656,1.1709,1.1762,1.2743,1.2985,1.3229,1.3475,1.3149,1.3315,1.3482,1.3651,1.3822,1.3994
4/2/2019,1.2049,1.1493,1.0935,1.109,1.0885,1.1454,1.1506,1.1559,1.1611,1.2725,1.2994,1.3265,1.3538,1.3179,1.3355,1.355,1.3738,1.3918,1.4119
4/3/2019,1.2049,1.1645,1.1239,1.124,1.1035,1.1682,1.176,1.1839,1.1918,1.2927,1.3196,1.3467,1.3741,1.3381,1.3558,1.3752,1.3941,1.4121,1.4323
4/4/2019,1.2048,1.1645,1.1239,1.124,1.1035,1.1682,1.176,1.1839,1.1918,1.2794,1.3036,1.328,1.3526,1.333,1.3507,1.3701,1.389,1.407,1.4272
4/5/2019,1.2149,1.1745,1.1339,1.1237,1.0981,1.1576,1.1603,1.1629,1.1655,1.2743,1.2985,1.3229,1.3475,1.3279,1.3455,1.365,1.3838,1.4019,1.422
4/8/2019,1.2148,1.1795,1.144,1.1287,1.1031,1.1704,1.1756,1.1809,1.1862,1.2844,1.3086,1.333,1.3576,1.338,1.3557,1.3751,1.394,1.412,1.4322
4/9/2019,1.2099,1.1745,1.139,1.134,1.1135,1.1549,1.1549,1.1549,1.1549,1.2743,1.2985,1.3229,1.3475,1.3401,1.3612,1.381,1.4016,1.4235,1.4437
4/10/2019,1.2048,1.1544,1.1036,1.114,1.0935,1.1426,1.1453,1.1479,1.1505,1.2592,1.2834,1.3077,1.3323,1.325,1.3461,1.3658,1.3864,1.4083,1.4284
4/11/2019,1.2199,1.1744,1.1288,1.1237,1.0981,1.1576,1.1603,1.1629,1.1655,1.2743,1.2985,1.3229,1.3475,1.3401,1.3612,1.381,1.4016,1.4235,1.4437
4/12/2019,1.2199,1.1997,1.1794,1.159,1.1384,1.1954,1.2007,1.2059,1.2112,1.3096,1.3338,1.3582,1.3829,1.3502,1.3668,1.3836,1.4006,1.4177,1.435
4/15/2019,1.2149,1.1998,1.1846,1.159,1.1385,1.1877,1.1903,1.1929,1.1956,1.3045,1.3287,1.3532,1.3778,1.3451,1.3618,1.3786,1.3955,1.4126,1.4299
4/16/2019,1.2249,1.2047,1.1844,1.1742,1.1588,1.2132,1.2211,1.229,1.2369,1.3247,1.349,1.3734,1.3981,1.3784,1.3962,1.4157,1.4346,1.4527,1.473
4/17/2019,1.2199,1.1997,1.1794,1.1692,1.1538,1.2082,1.2161,1.224,1.2319,1.3197,1.3439,1.3684,1.3931,1.3734,1.3911,1.4106,1.4296,1.4476,1.4679
4/18/2019,1.2199,1.1896,1.1591,1.1694,1.1592,1.1955,1.2007,1.2059,1.2112,1.2963,1.3178,1.3395,1.3614,1.3704,1.3916,1.4114,1.4321,1.4541,1.4743
4/22/2019,1.23,1.1895,1.1489,1.1694,1.1592,1.2032,1.2111,1.2189,1.2269,1.328,1.3549,1.3821,1.4095,1.3734,1.3912,1.4107,1.4296,1.4477,1.468
4/23/2019,1.2149,1.1796,1.144,1.1594,1.1492,1.1854,1.1907,1.1959,1.2012,1.3128,1.3398,1.3669,1.3943,1.3705,1.3917,1.4115,1.4322,1.4542,1.4744
4/24/2019,1.2099,1.1594,1.1086,1.119,1.0985,1.1709,1.1813,1.1919,1.2024,1.2794,1.3036,1.328,1.3526,1.3583,1.3805,1.4029,1.4256,1.4485,1.4716
4/25/2019,1.2099,1.1644,1.1188,1.124,1.1035,1.1759,1.1864,1.1969,1.2074,1.2845,1.3087,1.3331,1.3577,1.3633,1.3856,1.408,1.4307,1.4536,1.4767
4/26/2019,1.2048,1.1392,1.0733,1.1092,1.0938,1.1559,1.1663,1.1768,1.1874,1.2776,1.3045,1.3316,1.3589,1.3482,1.3704,1.3929,1.4155,1.4383,1.4614
4/29/2019,1.2098,1.1493,1.0884,1.1192,1.1038,1.1737,1.1867,1.1998,1.2131,1.2928,1.3197,1.3468,1.3742,1.3634,1.3857,1.4081,1.4308,1.4537,1.4768
4/30/2019,1.1948,1.1342,1.0734,1.1042,1.0888,1.1509,1.1613,1.1718,1.1824,1.2859,1.3154,1.3453,1.3754,1.3483,1.3705,1.3929,1.4155,1.4384,1.4615
5/1/2019,1.1949,1.1545,1.1139,1.1242,1.1088,1.1632,1.171,1.1789,1.1868,1.2877,1.3146,1.3417,1.3691,1.3453,1.3664,1.3862,1.4069,1.4288,1.4489
5/2/2019,1.2048,1.1746,1.1441,1.1442,1.1288,1.1754,1.1807,1.1859,1.1912,1.3027,1.3297,1.3568,1.3842,1.3604,1.3816,1.4013,1.4221,1.444,1.4642
5/3/2019,1.2048,1.1645,1.1239,1.1342,1.1188,1.1732,1.181,1.1889,1.1968,1.2977,1.3246,1.3518,1.3792,1.3554,1.3766,1.3963,1.417,1.4389,1.4591
5/6/2019,1.1948,1.1545,1.1139,1.114,1.0935,1.1581,1.166,1.1739,1.1818,1.2826,1.3095,1.3366,1.364,1.3402,1.3614,1.3811,1.4018,1.4237,1.4438
5/7/2019,1.1898,1.1393,1.0886,1.099,1.0785,1.1276,1.1302,1.1329,1.1355,1.2574,1.2842,1.3113,1.3386,1.3027,1.3203,1.3397,1.3585,1.3765,1.3966
5/8/2019,1.1898,1.1495,1.1089,1.109,1.0885,1.1454,1.1506,1.1559,1.1612,1.2725,1.2994,1.3265,1.3538,1.3301,1.3512,1.3709,1.3916,1.4135,1.4336
5/9/2019,1.1847,1.1293,1.0735,1.089,1.0685,1.1331,1.1409,1.1488,1.1567,1.2442,1.2683,1.2927,1.3172,1.3099,1.3309,1.3506,1.3712,1.3931,1.4131
5/10/2019,1.1848,1.1293,1.0735,1.0992,1.0838,1.1381,1.146,1.1538,1.1617,1.2757,1.3053,1.3351,1.3652,1.3129,1.3305,1.35,1.3688,1.3868,1.4069
5/13/2019,1.1647,1.0891,1.0131,1.0592,1.0438,1.0981,1.1059,1.1138,1.1217,1.2222,1.249,1.276,1.3033,1.2926,1.3147,1.337,1.3595,1.3822,1.4052
5/14/2019,1.1647,1.0992,1.0333,1.0692,1.0538,1.1081,1.1159,1.1238,1.1317,1.2323,1.2591,1.2861,1.3134,1.3027,1.3248,1.3472,1.3697,1.3924,1.4154
5/15/2019,1.1547,1.0791,1.0031,1.039,1.0185,1.083,1.0909,1.0987,1.1066,1.2071,1.2339,1.2608,1.2881,1.2774,1.2995,1.3218,1.3442,1.3669,1.3899
5/16/2019,1.1697,1.0991,1.0282,1.0487,1.0232,1.098,1.1059,1.1137,1.1217,1.2222,1.249,1.276,1.3032,1.2926,1.3147,1.337,1.3595,1.3822,1.4052
5/17/2019,1.1698,1.0991,1.0282,1.0488,1.0232,1.0903,1.0955,1.1008,1.1061,1.2171,1.2439,1.2709,1.2981,1.2875,1.3096,1.3319,1.3544,1.3771,1.4001
5/20/2019,1.1748,1.1042,1.0332,1.064,1.0435,1.1158,1.1263,1.1367,1.1473,1.2241,1.2482,1.2725,1.297,1.2897,1.3107,1.3303,1.3509,1.3727,1.3927
5/21/2019,1.1798,1.1294,1.0787,1.0685,1.0378,1.1231,1.1309,1.1388,1.1467,1.2473,1.2742,1.3012,1.3285,1.2926,1.3103,1.3296,1.3484,1.3664,1.3865
5/22/2019,1.1849,1.1142,1.0432,1.0535,1.0228,1.1003,1.1055,1.1108,1.1161,1.2139,1.238,1.2623,1.2868,1.2795,1.3005,1.3201,1.3407,1.3625,1.3825
5/23/2019,1.1598,1.0588,0.9576,1.0189,0.9985,1.063,1.0708,1.0787,1.0866,1.1737,1.1978,1.222,1.2464,1.2391,1.2601,1.2796,1.3001,1.3218,1.3417
5/24/2019,1.1648,1.079,0.9929,1.0186,0.9879,1.0653,1.0705,1.0758,1.081,1.1919,1.2187,1.2456,1.2728,1.2371,1.2546,1.2739,1.2926,1.3105,1.3304
5/28/2019,1.1598,1.0589,0.9576,0.9986,0.9679,1.0298,1.0298,1.0299,1.0299,1.1616,1.1883,1.2153,1.2424,1.2067,1.2242,1.2435,1.2621,1.2799,1.2999
5/29/2019,1.1548,1.0438,0.9324,0.9937,0.9682,1.0275,1.0302,1.0328,1.0354,1.1698,1.1992,1.2288,1.2587,1.1939,1.2104,1.2269,1.2436,1.2605,1.2775
5/30/2019,1.1447,1.0287,0.9123,0.9686,0.938,1.0229,1.0308,1.0386,1.0465,1.1334,1.1574,1.1816,1.206,1.1866,1.204,1.2233,1.2419,1.2596,1.2795
5/31/2019,1.1096,0.9735,0.8371,0.9238,0.8983,0.9729,0.9807,0.9885,0.9964,1.0963,1.1229,1.1497,1.1767,1.1533,1.1741,1.1935,1.2138,1.2353,1.2551
6/3/2019,1.0645,0.9084,0.7519,0.8791,0.864,0.9256,0.936,0.9464,0.9568,1.0722,1.1041,1.1363,1.1686,1.1258,1.1477,1.1697,1.1918,1.2142,1.2368
6/4/2019,1.0646,0.9387,0.8124,0.899,0.8787,0.9583,0.9713,0.9843,0.9974,1.1025,1.1345,1.1667,1.1991,1.1434,1.1642,1.1835,1.2039,1.2253,1.2451
6/5/2019,1.0245,0.9138,0.8027,0.8944,0.8843,0.9434,0.9563,0.9693,0.9824,1.1137,1.151,1.1886,1.2266,1.1513,1.1732,1.1952,1.2174,1.2398,1.2625
6/6/2019,1.0145,0.9391,0.8633,0.9093,0.894,0.948,0.9558,0.9636,0.9714,1.1106,1.1452,1.1801,1.2153,1.1434,1.1642,1.1836,1.2039,1.2254,1.2451
6/7/2019,0.9896,0.9243,0.8586,0.8943,0.879,0.933,0.9408,0.9486,0.9564,1.0823,1.1143,1.1464,1.1788,1.136,1.1578,1.1798,1.202,1.2244,1.247
6/10/2019,1.0196,0.9492,0.8784,0.9193,0.904,0.9657,0.9761,0.9865,0.997,1.1126,1.1446,1.1768,1.2093,1.1663,1.1882,1.2103,1.2326,1.255,1.2777
6/11/2019,1.0296,0.9642,0.8985,0.9037,0.8732,0.9734,0.9863,0.9994,1.0125,1.1045,1.1338,1.1633,1.193,1.1663,1.1882,1.2102,1.2325,1.255,1.2776
6/12/2019,1.0146,0.9392,0.8633,0.8889,0.8635,0.9534,0.9663,0.9793,0.9924,1.0975,1.1294,1.1616,1.1941,1.164,1.187,1.2117,1.2358,1.2592,1.2847
6/13/2019,1.0046,0.914,0.8231,0.8639,0.8385,0.936,0.9516,0.9672,0.9829,1.0774,1.1093,1.1414,1.1738,1.1559,1.1822,1.2071,1.2331,1.2602,1.2857
6/14/2019,1.0046,0.9191,0.8332,0.8689,0.8435,0.941,0.9566,0.9722,0.9879,1.0693,1.0985,1.128,1.1576,1.1437,1.1666,1.1913,1.2154,1.2388,1.2642
6/17/2019,1.0246,0.929,0.833,0.8687,0.8382,0.9383,0.9513,0.9643,0.9774,1.0692,1.0985,1.1279,1.1576,1.1437,1.1666,1.1913,1.2154,1.2387,1.2642
6/18/2019,1.0196,0.929,0.8381,0.8687,0.8382,0.9229,0.9307,0.9385,0.9464,1.046,1.0725,1.0992,1.1261,1.1284,1.1513,1.1759,1.2,1.2233,1.2488
6/19/2019,0.9796,0.8689,0.7578,0.8291,0.8088,0.9037,0.9218,0.9399,0.9582,1.0421,1.074,1.106,1.1384,1.1205,1.1467,1.1716,1.1974,1.2245,1.2499
6/20/2019,0.9547,0.8591,0.7631,0.8293,0.8141,0.8833,0.8962,0.9092,0.9222,1.0401,1.0746,1.1093,1.1443,1.1104,1.1366,1.1614,1.1872,1.2143,1.2396
6/21/2019,0.9748,0.8841,0.7932,0.8543,0.8391,0.916,0.9316,0.9472,0.9628,1.0704,1.1049,1.1397,1.1748,1.1408,1.1671,1.192,1.2179,1.245,1.2704
6/24/2019,0.9646,0.859,0.753,0.8293,0.8141,0.891,0.9065,0.9221,0.9377,1.0451,1.0796,1.1144,1.1494,1.1154,1.1417,1.1665,1.1924,1.2194,1.2448
6/25/2019,0.9696,0.8539,0.7378,0.8141,0.7938,0.8809,0.8964,0.912,0.9277,1.035,1.0695,1.1042,1.1393,1.1053,1.1315,1.1563,1.1821,1.2092,1.2345
6/26/2019,0.9846,0.884,0.783,0.8543,0.839,0.916,0.9315,0.9471,0.9628,1.0572,1.0891,1.1212,1.1536,1.1236,1.1464,1.1711,1.1951,1.2184,1.2439
6/27/2019,0.9696,0.869,0.768,0.8393,0.8241,0.8933,0.9062,0.9192,0.9323,1.037,1.0689,1.1009,1.1332,1.1033,1.1261,1.1507,1.1747,1.198,1.2234
6/28/2019,0.9646,0.8741,0.7832,0.8341,0.8138,0.8933,0.9062,0.9192,0.9323,1.0239,1.0531,1.0824,1.112,1.0982,1.121,1.1456,1.1696,1.1928,1.2182
7/1/2019,0.9746,0.8891,0.8033,0.8491,0.8288,0.9083,0.9213,0.9343,0.9473,1.039,1.0682,1.0976,1.1272,1.1134,1.1362,1.1608,1.1849,1.2081,1.2335
7/2/2019,0.9596,0.8842,0.8084,0.8238,0.7933,0.8856,0.8959,0.9063,0.9168,1.0057,1.0322,1.0589,1.0857,1.088,1.1108,1.1353,1.1593,1.1825,1.2079
7/3/2019,0.9596,0.8842,0.8084,0.8238,0.7933,0.8779,0.8857,0.8935,0.9013,0.9876,1.0114,1.0354,1.0595,1.0778,1.1006,1.1251,1.1491,1.1722,1.1976
7/5/2019,0.9946,0.9343,0.8737,0.884,0.8585,0.9253,0.9305,0.9357,0.9409,1.0379,1.0618,1.0858,1.11,1.1027,1.1235,1.1428,1.1631,1.1845,1.2041
7/8/2019,0.9997,0.9393,0.8787,0.8991,0.8787,0.9353,0.9405,0.9457,0.9509,1.0348,1.056,1.0774,1.0989,1.1078,1.1285,1.1478,1.1681,1.1895,1.2091
7/9/2019,1.0046,0.9595,0.9139,0.9191,0.8987,0.9399,0.9399,0.9399,0.9399,1.0448,1.0661,1.0874,1.109,1.1178,1.1386,1.1579,1.1782,1.1996,1.2193
7/10/2019,0.9697,0.9094,0.8487,0.8793,0.8641,0.918,0.9258,0.9336,0.9414,1.0541,1.0833,1.1127,1.1424,1.1406,1.1669,1.1918,1.2177,1.2448,1.2702
7/11/2019,0.9897,0.9243,0.8586,0.9147,0.9096,0.9507,0.9611,0.9715,0.982,1.0844,1.1137,1.1431,1.1728,1.171,1.1974,1.2223,1.2483,1.2755,1.301
7/12/2019,0.9848,0.9193,0.8536,0.8893,0.874,0.9434,0.9564,0.9694,0.9824,1.0875,1.1194,1.1516,1.184,1.166,1.1924,1.2173,1.2433,1.2705,1.296
7/15/2019,0.9798,0.9143,0.8486,0.8843,0.8691,0.9307,0.9411,0.9515,0.9619,1.0774,1.1093,1.1414,1.1738,1.1438,1.1667,1.1914,1.2155,1.2388,1.2643
7/16/2019,0.9999,0.9343,0.8686,0.9043,0.889,0.9507,0.9611,0.9715,0.9819,1.0975,1.1295,1.1616,1.1941,1.164,1.187,1.2117,1.2358,1.2592,1.2848
7/17/2019,0.9748,0.9144,0.8537,0.8843,0.8691,0.923,0.9308,0.9386,0.9464,1.0592,1.0884,1.1178,1.1475,1.1208,1.1426,1.1646,1.1867,1.2091,1.2316
7/18/2019,0.9497,0.8843,0.8187,0.8543,0.8391,0.9007,0.911,0.9214,0.9318,1.034,1.0632,1.0926,1.1222,1.1332,1.1605,1.188,1.2158,1.2438,1.2721
7/19/2019,0.9698,0.8993,0.8285,0.8693,0.8541,0.908,0.9157,0.9235,0.9314,1.044,1.0732,1.1026,1.1323,1.1305,1.1567,1.1816,1.2075,1.2346,1.26
7/22/2019,0.9747,0.8992,0.8234,0.8693,0.8541,0.908,0.9157,0.9235,0.9314,1.0571,1.089,1.1211,1.1535,1.1235,1.1464,1.171,1.1951,1.2184,1.2438
7/23/2019,0.9847,0.9143,0.8435,0.8741,0.8538,0.9257,0.936,0.9464,0.9569,1.0592,1.0884,1.1178,1.1475,1.1457,1.1719,1.1969,1.2228,1.2499,1.2754
7/24/2019,0.9897,0.9142,0.8384,0.8741,0.8538,0.918,0.9257,0.9335,0.9414,1.0541,1.0833,1.1127,1.1424,1.1157,1.1375,1.1595,1.1816,1.204,1.2265
7/25/2019,0.9948,0.9293,0.8636,0.8993,0.884,0.9303,0.9355,0.9407,0.9459,1.0561,1.0826,1.1094,1.1363,1.1386,1.1614,1.1861,1.2102,1.2335,1.259
7/26/2019,0.9997,0.9293,0.8585,0.8993,0.884,0.9303,0.9355,0.9407,0.9459,1.0561,1.0826,1.1093,1.1363,1.1385,1.1614,1.1861,1.2102,1.2335,1.259
7/29/2019,0.9947,0.9243,0.8535,0.8841,0.8638,0.928,0.9357,0.9436,0.9514,1.0379,1.0618,1.0858,1.11,1.1284,1.1513,1.1759,1.2,1.2233,1.2487
7/30/2019,0.9898,0.9243,0.8586,0.8943,0.879,0.9253,0.9305,0.9357,0.9409,1.0379,1.0618,1.0858,1.11,1.1284,1.1513,1.1759,1.2,1.2233,1.2487
7/31/2019,0.9998,0.9444,0.8888,0.894,0.8685,0.9199,0.9199,0.9199,0.9199,1.0247,1.0459,1.0673,1.0888,1.0856,1.1029,1.122,1.1404,1.158,1.1777
8/1/2019,0.9446,0.8642,0.7834,0.8039,0.7734,0.8425,0.8451,0.8477,0.8504,0.9574,0.9811,1.005,1.0291,1.0474,1.0701,1.0946,1.1185,1.1416,1.1668
8/2/2019,0.9296,0.8593,0.7886,0.809,0.7836,0.8272,0.8246,0.8221,0.8195,0.9473,0.971,0.9949,1.019,1.0118,1.0324,1.0516,1.0716,1.0928,1.1123
8/5/2019,0.8946,0.7941,0.6932,0.7542,0.7339,0.7749,0.7749,0.7749,0.7749,0.8789,0.9,0.9211,0.9424,0.9638,0.9854,1.0071,1.0289,1.0509,1.0731
8/6/2019,0.9046,0.799,0.6931,0.7389,0.7085,0.7622,0.7596,0.7571,0.7545,0.8818,0.9055,0.9293,0.9533,0.9461,0.9666,0.9857,1.0056,1.0267,1.046
8/7/2019,0.8846,0.7942,0.7034,0.7137,0.6731,0.7625,0.7651,0.7677,0.7703,0.8639,0.8849,0.906,0.9272,0.936,0.9565,0.9755,0.9955,1.0165,1.0358
8/8/2019,0.8996,0.8092,0.7183,0.7286,0.688,0.7698,0.7699,0.7699,0.7699,0.8739,0.8949,0.916,0.9373,0.9342,0.9513,0.9701,0.9883,1.0057,1.025
8/9/2019,0.8946,0.8142,0.7335,0.7641,0.7387,0.7822,0.7797,0.7771,0.7745,0.889,0.91,0.9312,0.9525,0.9366,0.9528,0.969,0.9853,1.0018,1.0183
8/12/2019,0.8846,0.7891,0.6933,0.7188,0.6833,0.7395,0.7344,0.7293,0.7242,0.8357,0.8541,0.8725,0.8911,0.8912,0.9073,0.9234,0.9397,0.9561,0.9726
8/13/2019,0.9298,0.8291,0.7281,0.7689,0.7384,0.7768,0.7692,0.7615,0.7537,0.8499,0.863,0.8762,0.8894,0.8842,0.8949,0.9057,0.9165,0.9274,0.9383
8/14/2019,0.8947,0.7891,0.6831,0.7391,0.7137,0.7495,0.7444,0.7393,0.7342,0.8068,0.8173,0.8278,0.8384,0.8246,0.8309,0.8388,0.846,0.8523,0.8605
8/15/2019,0.8597,0.739,0.6181,0.6992,0.679,0.7045,0.6995,0.6943,0.6892,0.7747,0.7877,0.8009,0.814,0.7963,0.8059,0.814,0.8229,0.8328,0.8409
8/16/2019,0.8547,0.739,0.6231,0.6992,0.679,0.7045,0.6995,0.6943,0.6892,0.8006,0.8189,0.8373,0.8558,0.8189,0.8296,0.8403,0.8511,0.8619,0.8728
8/19/2019,0.8747,0.764,0.6531,0.7242,0.704,0.7295,0.7244,0.7193,0.7142,0.8257,0.844,0.8625,0.881,0.8441,0.8548,0.8655,0.8763,0.8871,0.898
8/20/2019,0.8647,0.749,0.6331,0.689,0.6586,0.7045,0.6994,0.6943,0.6892,0.8006,0.8189,0.8373,0.8558,0.8189,0.8296,0.8403,0.851,0.8619,0.8727
8/21/2019,0.8847,0.7791,0.6732,0.7189,0.6885,0.7269,0.7192,0.7115,0.7038,0.8257,0.844,0.8624,0.881,0.8315,0.8411,0.8493,0.8582,0.8681,0.8763
8/22/2019,0.8947,0.8042,0.7134,0.7236,0.6831,0.7418,0.7342,0.7265,0.7188,0.8277,0.8435,0.8593,0.8752,0.8541,0.8648,0.8755,0.8863,0.8971,0.9081
8/23/2019,0.8697,0.754,0.6381,0.6737,0.6332,0.6919,0.6842,0.6766,0.6689,0.7775,0.7932,0.809,0.8248,0.8038,0.8144,0.8251,0.8359,0.8467,0.8575
8/26/2019,0.8797,0.769,0.6581,0.6988,0.6633,0.7042,0.694,0.6838,0.6735,0.7926,0.8083,0.824,0.8399,0.8063,0.8159,0.8241,0.833,0.8429,0.851
8/27/2019,0.8896,0.7639,0.6379,0.6634,0.6128,0.6918,0.6842,0.6766,0.6689,0.7516,0.7621,0.7726,0.7831,0.7811,0.7907,0.7989,0.8078,0.8177,0.8257
8/28/2019,0.8747,0.7489,0.623,0.6687,0.6282,0.6716,0.6588,0.6461,0.6332,0.7495,0.7625,0.7757,0.7888,0.7711,0.7807,0.7888,0.7977,0.8076,0.8157
8/29/2019,0.8797,0.764,0.6481,0.6736,0.628,0.6892,0.679,0.6688,0.6585,0.7775,0.7932,0.8089,0.8248,0.7794,0.7857,0.7936,0.8008,0.8071,0.8152
8/30/2019,0.8847,0.7489,0.6128,0.6687,0.6282,0.6869,0.6792,0.6716,0.6639,0.7725,0.7882,0.8039,0.8198,0.7862,0.7958,0.8039,0.8129,0.8228,0.8308
9/3/2019,0.8697,0.7339,0.5979,0.6436,0.5981,0.6669,0.6593,0.6516,0.6439,0.7653,0.7836,0.802,0.8205,0.7712,0.7808,0.7889,0.7978,0.8077,0.8157
9/4/2019,0.8547,0.7139,0.5729,0.6439,0.6085,0.6493,0.6391,0.6289,0.6186,0.7632,0.7841,0.8051,0.8262,0.7862,0.7979,0.8111,0.8236,0.8353,0.8489
9/5/2019,0.8747,0.7741,0.6733,0.6937,0.6531,0.7042,0.694,0.6838,0.6735,0.8185,0.8394,0.8605,0.8817,0.829,0.8396,0.8504,0.8611,0.872,0.8829
9/6/2019,0.8747,0.7641,0.6531,0.6938,0.6583,0.6992,0.689,0.6788,0.6685,0.8135,0.8344,0.8555,0.8767,0.8114,0.821,0.8291,0.8381,0.848,0.8561
9/9/2019,0.8798,0.7892,0.6984,0.729,0.6985,0.7369,0.7292,0.7215,0.7138,0.8487,0.8697,0.8908,0.912,0.8592,0.8699,0.8806,0.8914,0.9023,0.9132
9/10/2019,0.9048,0.8344,0.7636,0.7739,0.7434,0.7818,0.7742,0.7665,0.7587,0.8939,0.915,0.9362,0.9575,0.9044,0.9151,0.9259,0.9368,0.9477,0.9587
9/11/2019,0.8948,0.8395,0.7839,0.7789,0.7484,0.7945,0.7894,0.7843,0.7791,0.904,0.9251,0.9463,0.9676,0.9272,0.9389,0.9523,0.965,0.9769,0.9907
9/12/2019,0.9098,0.8595,0.809,0.8091,0.7836,0.8195,0.8144,0.8093,0.8041,0.9161,0.9346,0.9531,0.9718,0.9473,0.959,0.9725,0.9852,0.997,1.0109
9/13/2019,0.9399,0.8946,0.8491,0.8644,0.8491,0.8722,0.8697,0.8671,0.8645,0.9795,1.0006,1.0219,1.0433,1.0027,1.0145,1.028,1.0408,1.0527,1.0666
9/16/2019,0.9349,0.8694,0.8037,0.8394,0.8241,0.8395,0.8344,0.8293,0.8241,0.9493,0.9704,0.9916,1.013,0.9725,0.9843,0.9977,1.0105,1.0223,1.0362
9/17/2019,0.9399,0.8593,0.7784,0.8192,0.7989,0.8245,0.8194,0.8143,0.8091,0.9472,0.971,0.9949,1.019,0.9497,0.9605,0.9713,0.9822,0.9931,1.0042
9/18/2019,0.9399,0.8845,0.8289,0.834,0.8086,0.8291,0.8189,0.8086,0.7982,0.9442,0.9653,0.9865,1.0079,0.9301,0.9364,0.9444,0.9517,0.958,0.9663
9/19/2019,0.9449,0.8693,0.7935,0.8089,0.7784,0.8245,0.8194,0.8142,0.8091,0.9211,0.9396,0.9581,0.9768,0.9396,0.9503,0.9612,0.972,0.983,0.994
9/20/2019,0.9198,0.8443,0.7685,0.7839,0.7534,0.7995,0.7944,0.7893,0.7841,0.896,0.9144,0.933,0.9516,0.9145,0.9252,0.936,0.9468,0.9577,0.9687
9/23/2019,0.9047,0.8394,0.7737,0.7688,0.7332,0.7895,0.7844,0.7793,0.7741,0.8729,0.8887,0.9046,0.9205,0.912,0.9237,0.9371,0.9498,0.9616,0.9754
9/24/2019,0.8947,0.7991,0.7033,0.7288,0.6933,0.7572,0.7546,0.7521,0.7495,0.8378,0.8536,0.8694,0.8853,0.8642,0.8748,0.8856,0.8964,0.9073,0.9182
9/25/2019,0.9098,0.8393,0.7686,0.7688,0.7332,0.7972,0.7946,0.7921,0.7895,0.878,0.8938,0.9096,0.9256,0.917,0.9288,0.9422,0.9549,0.9667,0.9805
9/26/2019,0.8948,0.8294,0.7637,0.7791,0.7537,0.7895,0.7844,0.7793,0.7741,0.873,0.8887,0.9046,0.9205,0.8867,0.8964,0.9046,0.9136,0.9236,0.9317
9/27/2019,0.8748,0.8144,0.7539,0.7641,0.7387,0.7745,0.7694,0.7643,0.7591,0.8579,0.8737,0.8895,0.9054,0.8969,0.9086,0.922,0.9347,0.9465,0.9602
9/30/2019,0.8798,0.8144,0.7488,0.7438,0.7083,0.7722,0.7697,0.7671,0.7645,0.8659,0.8843,0.9028,0.9214,0.8843,0.895,0.9058,0.9166,0.9275,0.9384
10/1/2019,0.8698,0.7792,0.6884,0.7291,0.7037,0.7549,0.7549,0.7549,0.7549,0.8588,0.8798,0.901,0.9222,0.8693,0.88,0.8907,0.9015,0.9124,0.9233
10/2/2019,0.8399,0.7392,0.6384,0.6891,0.6638,0.7149,0.7149,0.7149,0.7149,0.8446,0.8708,0.8972,0.9238,0.8518,0.8635,0.8768,0.8894,0.9011,0.9148
10/3/2019,0.7949,0.6942,0.5935,0.6442,0.6189,0.6699,0.6699,0.6699,0.6699,0.8122,0.841,0.87,0.8992,0.836,0.852,0.8681,0.8843,0.9005,0.9169
10/4/2019,0.7949,0.6993,0.6035,0.6492,0.6239,0.6672,0.6647,0.6622,0.6596,0.7863,0.8099,0.8335,0.8573,0.8258,0.8418,0.8579,0.874,0.8903,0.9067
10/7/2019,0.8299,0.7292,0.6284,0.6792,0.6538,0.6819,0.6743,0.6666,0.6589,0.8064,0.8299,0.8536,0.8775,0.8459,0.8619,0.878,0.8942,0.9105,0.927
10/8/2019,0.8099,0.7092,0.6084,0.6693,0.6491,0.6746,0.6695,0.6644,0.6593,0.7963,0.8199,0.8436,0.8674,0.8359,0.8519,0.868,0.8841,0.9004,0.9168
10/9/2019,0.7948,0.7345,0.674,0.6943,0.674,0.6919,0.6843,0.6766,0.6689,0.8294,0.8556,0.882,0.9086,0.8611,0.8771,0.8933,0.9095,0.9258,0.9422
10/10/2019,0.8149,0.7646,0.7141,0.7243,0.704,0.7372,0.7347,0.7321,0.7296,0.8568,0.8804,0.9042,0.9281,0.909,0.9261,0.9449,0.9631,0.9804,0.9997
10/11/2019,0.835,0.8148,0.7946,0.7845,0.7692,0.7923,0.7897,0.7871,0.7846,0.9121,0.9358,0.9597,0.9837,0.9392,0.9543,0.9679,0.9824,0.9979,1.0117
10/15/2019,0.825,0.8048,0.7846,0.7948,0.7897,0.7923,0.7897,0.7872,0.7846,0.9121,0.9359,0.9597,0.9837,0.9519,0.968,0.9843,1.0006,1.0171,1.0337
10/16/2019,0.7949,0.7899,0.7849,0.7798,0.7747,0.785,0.785,0.785,0.785,0.8891,0.9101,0.9313,0.9526,0.9494,0.9666,0.9854,1.0036,1.021,1.0404
10/17/2019,0.7949,0.8,0.8051,0.7695,0.7542,0.785,0.785,0.785,0.785,0.9021,0.9258,0.9496,0.9736,0.9545,0.9717,0.9905,1.0087,1.0261,1.0455
10/18/2019,0.7899,0.79,0.79,0.7697,0.7595,0.78,0.78,0.78,0.78,0.9101,0.9365,0.963,0.9896,0.9545,0.9717,0.9906,1.0088,1.0262,1.0456
10/21/2019,0.7949,0.8101,0.8253,0.7795,0.7642,0.8103,0.8155,0.8207,0.8258,0.9223,0.946,0.9699,0.9939,0.9747,0.9919,1.0108,1.0291,1.0465,1.0659
10/22/2019,0.7949,0.8,0.8051,0.7898,0.7847,0.8027,0.8052,0.8078,0.8104,0.9042,0.9253,0.9464,0.9678,0.9646,0.9818,1.0006,1.0189,1.0362,1.0557
10/23/2019,0.7899,0.79,0.79,0.79,0.79,0.79,0.79,0.79,0.79,0.9072,0.9309,0.9547,0.9787,0.9596,0.9767,0.9956,1.0138,1.0312,1.0506
10/24/2019,0.7949,0.7899,0.7849,0.79,0.79,0.79,0.79,0.79,0.79,0.9072,0.9309,0.9547,0.9787,0.9596,0.9767,0.9956,1.0138,1.0312,1.0506
10/25/2019,0.7999,0.8151,0.8303,0.8049,0.7997,0.81,0.81,0.81,0.81,0.9273,0.951,0.9749,0.9989,0.967,0.9832,0.9995,1.0158,1.0323,1.0489
10/28/2019,0.7999,0.8201,0.8404,0.8302,0.8353,0.8327,0.8353,0.8379,0.8405,0.9475,0.9712,0.9951,1.0192,1.0,1.0172,1.0361,1.0544,1.0718,1.0913
10/29/2019,0.7949,0.8202,0.8455,0.8302,0.8353,0.8327,0.8353,0.8379,0.8405,0.9344,0.9555,0.9767,0.9981,0.9949,1.0121,1.031,1.0493,1.0667,1.0862
10/30/2019,0.7949,0.8051,0.8152,0.7949,0.7897,0.8077,0.8102,0.8128,0.8154,0.9092,0.9303,0.9515,0.9728,0.9569,0.9731,0.9893,1.0057,1.0222,1.0388
10/31/2019,0.7649,0.7599,0.7549,0.76,0.76,0.7523,0.7498,0.7472,0.7446,0.8719,0.8956,0.9194,0.9433,0.9116,0.9277,0.9439,0.9601,0.9766,0.9931
11/1/2019,0.765,0.7801,0.7953,0.7699,0.7648,0.775,0.775,0.775,0.775,0.8791,0.9001,0.9212,0.9425,0.9393,0.9565,0.9753,0.9935,1.0109,1.0302
11/4/2019,0.78,0.8002,0.8204,0.7899,0.7848,0.8027,0.8053,0.8078,0.8104,0.9173,0.941,0.9648,0.9888,0.9697,0.9869,1.0057,1.024,1.0414,1.0608
11/5/2019,0.8101,0.8151,0.8201,0.815,0.815,0.8381,0.8458,0.8535,0.8613,0.9737,1.0027,1.032,1.0615,0.9974,1.0136,1.0299,1.0464,1.0629,1.0795
11/6/2019,0.79,0.8051,0.8203,0.7949,0.7898,0.8231,0.8308,0.8385,0.8463,0.9455,0.9719,0.9984,1.0251,0.9645,0.9796,0.9933,1.0078,1.0234,1.0372
11/7/2019,0.79,0.8404,0.891,0.8604,0.8706,0.8809,0.8912,0.9015,0.9119,1.001,1.0274,1.054,1.0809,1.02,1.0352,1.0489,1.0635,1.0791,1.093
11/8/2019,0.79,0.8404,0.891,0.8604,0.8706,0.8809,0.8912,0.9015,0.9119,1.0272,1.059,1.091,1.1233,1.0301,1.0453,1.0591,1.0737,1.0893,1.1032
11/12/2019,0.79,0.8303,0.8708,0.8606,0.8759,0.8759,0.8862,0.8965,0.9069,1.009,1.0381,1.0675,1.097,1.02,1.0352,1.0489,1.0635,1.0792,1.093
11/13/2019,0.785,0.8152,0.8456,0.8354,0.8456,0.8558,0.8661,0.8765,0.8869,0.9758,1.0022,1.0288,1.0556,1.0075,1.0237,1.0401,1.0565,1.073,1.0897
11/14/2019,0.7749,0.7901,0.8053,0.8002,0.8053,0.8258,0.836,0.8464,0.8568,0.9455,0.9719,0.9985,1.0252,0.9773,0.9934,1.0097,1.0261,1.0426,1.0592
11/15/2019,0.7699,0.8052,0.8407,0.8051,0.805,0.8358,0.8461,0.8564,0.8668,0.9556,0.982,1.0086,1.0353,0.9874,1.0035,1.0198,1.0362,1.0527,1.0694
11/18/2019,0.7699,0.8002,0.8306,0.7899,0.7848,0.8257,0.836,0.8464,0.8568,0.9455,0.9719,0.9984,1.0252,0.9645,0.9797,0.9933,1.0078,1.0234,1.0372
11/19/2019,0.7699,0.8002,0.8306,0.7899,0.7848,0.8257,0.836,0.8464,0.8568,0.9194,0.9405,0.9617,0.983,0.9544,0.9695,0.9831,0.9976,1.0132,1.027
11/20/2019,0.7699,0.7801,0.7902,0.7699,0.7648,0.798,0.8057,0.8135,0.8213,0.8942,0.9153,0.9364,0.9577,0.9173,0.929,0.9424,0.9551,0.9669,0.9807
11/21/2019,0.7749,0.8002,0.8255,0.7899,0.7848,0.8181,0.8258,0.8335,0.8413,0.9274,0.9511,0.975,0.999,0.9298,0.9405,0.9513,0.9622,0.9731,0.9841
11/22/2019,0.7799,0.8052,0.8305,0.7949,0.7898,0.8154,0.8205,0.8257,0.8309,0.9274,0.9511,0.9749,0.999,0.9298,0.9405,0.9513,0.9621,0.9731,0.9841
11/25/2019,0.7899,0.8051,0.8203,0.7949,0.7898,0.8154,0.8205,0.8257,0.8309,0.9274,0.9511,0.9749,0.999,0.9171,0.9268,0.9349,0.9439,0.954,0.9622
11/26/2019,0.7949,0.7899,0.7849,0.79,0.79,0.79,0.79,0.79,0.79,0.9202,0.9466,0.9731,0.9998,0.9147,0.9254,0.9362,0.947,0.9579,0.9689
11/27/2019,0.7999,0.8151,0.8303,0.7947,0.7845,0.8204,0.8255,0.8307,0.8359,0.9193,0.9404,0.9616,0.9829,0.9297,0.9404,0.9512,0.9621,0.973,0.984
11/29/2019,0.7999,0.805,0.8101,0.805,0.805,0.8127,0.8153,0.8178,0.8204,0.9534,0.9825,1.0117,1.0411,0.9272,0.9369,0.9451,0.9541,0.9641,0.9723
12/2/2019,0.8,0.805,0.8101,0.8253,0.8355,0.8304,0.8355,0.8407,0.8459,0.9817,1.0134,1.0454,1.0776,0.96,0.9708,0.9816,0.9925,1.0034,1.0145
12/3/2019,0.785,0.7648,0.7446,0.7751,0.7802,0.77,0.77,0.77,0.77,0.9131,0.9421,0.9712,1.0006,0.9123,0.924,0.9374,0.9501,0.9619,0.9757
12/4/2019,0.78,0.7901,0.8002,0.79,0.79,0.8054,0.8105,0.8157,0.8209,0.9434,0.9724,1.0016,1.0311,0.9298,0.9405,0.9513,0.9622,0.9731,0.9841
12/5/2019,0.78,0.7901,0.8002,0.8103,0.8205,0.8154,0.8205,0.8257,0.8309,0.9535,0.9825,1.0118,1.0412,0.9526,0.9644,0.9778,0.9905,1.0024,1.0162
12/6/2019,0.785,0.8052,0.8254,0.8355,0.8508,0.8431,0.8508,0.8586,0.8664,0.9787,1.0078,1.0371,1.0666,0.9651,0.9758,0.9866,0.9975,1.0085,1.0195
12/9/2019,0.78,0.8153,0.8507,0.8151,0.815,0.8458,0.8561,0.8664,0.8768,0.9657,0.9921,1.0187,1.0454,0.96,0.9707,0.9816,0.9925,1.0034,1.0144
12/10/2019,0.78,0.8254,0.8709,0.8454,0.8556,0.8428,0.8453,0.8479,0.8505,0.9706,0.9971,1.0237,1.0504,0.9777,0.9895,1.003,1.0157,1.0276,1.0415
12/11/2019,0.7749,0.8052,0.8356,0.8152,0.8203,0.8254,0.8305,0.8357,0.8409,0.9505,0.9769,1.0035,1.0302,0.9322,0.9419,0.9501,0.9591,0.9691,0.9773
12/12/2019,0.775,0.8304,0.8861,0.8606,0.8759,0.8759,0.8862,0.8965,0.9069,1.009,1.0382,1.0675,1.097,0.9953,1.006,1.0169,1.0278,1.0388,1.0499
12/13/2019,0.7649,0.8053,0.8458,0.8152,0.8203,0.8408,0.8511,0.8614,0.8718,0.9607,0.9871,1.0136,1.0404,0.955,0.9657,0.9765,0.9874,0.9984,1.0094
12/16/2019,0.7699,0.8254,0.8811,0.8454,0.8556,0.8736,0.8864,0.8994,0.9124,0.9909,1.0174,1.044,1.0708,0.9979,1.0097,1.0232,1.036,1.0479,1.0618
12/17/2019,0.7649,0.8154,0.866,0.8456,0.8609,0.8686,0.8814,0.8944,0.9074,0.999,1.0281,1.0574,1.0869,0.998,1.0098,1.0232,1.036,1.0479,1.0618
12/18/2019,0.7699,0.8153,0.8609,0.8558,0.8762,0.889,0.907,0.9252,0.9434,1.0273,1.0591,1.0911,1.1234,1.0054,1.0162,1.027,1.038,1.049,1.06
12/19/2019,0.7599,0.8104,0.861,0.8406,0.8559,0.8867,0.9073,0.928,0.9489,1.0092,1.0383,1.0676,1.0971,1.0201,1.0353,1.049,1.0636,1.0792,1.0931
12/20/2019,0.7599,0.8154,0.8711,0.8558,0.8762,0.8813,0.8967,0.9123,0.9279,1.0091,1.0382,1.0676,1.0971,1.0201,1.0353,1.049,1.0635,1.0792,1.0931
12/23/2019,0.7649,0.8204,0.8761,0.8506,0.8659,0.8967,0.9173,0.938,0.9589,1.0192,1.0484,1.0777,1.1073,1.0182,1.03,1.0435,1.0563,1.0682,1.0821
12/24/2019,0.7648,0.8103,0.8559,0.8304,0.8406,0.8816,0.9022,0.923,0.9438,1.0041,1.0332,1.0625,1.0921,1.003,1.0149,1.0283,1.0411,1.053,1.0669
12/26/2019,0.7648,0.8204,0.8761,0.8303,0.8353,0.8789,0.897,0.9151,0.9333,1.0303,1.0648,1.0995,1.1345,0.9876,0.9974,1.0056,1.0146,1.0247,1.033
12/27/2019,0.7548,0.7953,0.8357,0.8052,0.8103,0.8616,0.8822,0.9029,0.9237,0.997,1.0288,1.0608,1.093,1.0,1.0151,1.0288,1.0434,1.059,1.0728
12/30/2019,0.7849,0.79,0.7951,0.8002,0.8053,0.8642,0.8874,0.9107,0.9342,1.0101,1.0446,1.0792,1.1142,1.0178,1.034,1.0504,1.0668,1.0834,1.1001
12/31/2019,0.795,0.79,0.7849,0.8306,0.8511,0.8639,0.8819,0.9,0.9183,1.0282,1.0654,1.1028,1.1405,1.0279,1.0442,1.0605,1.077,1.0935,1.1102
